<?xml version="1.0"?>
<addon scheme="3.0">
    <id>bestsellers</id>
    <version>1.0</version>
    <priority>2300</priority>
    <position>120</position>
    <status>active</status>
    <default_language>en</default_language>
    <auto_install>MULTIVENDOR,ULTIMATE</auto_install>
    <settings edition_type="ROOT,ULT:VENDOR">
        <sections>
            <section id="general">
                <items>
                    <item id="final_sale_from">
                        <type>input</type>
                        <default_value>40</default_value>
                    </item>
                    <item id="sales_amount_from">
                        <type>input</type>
                        <default_value>1</default_value>
                    </item>
                </items>
            </section>
            <section id="newest">
                <items>
                    <item id="period">
                        <type>selectbox</type>
                        <default_value>all</default_value>
                        <variants>
                            <item id="all"> </item>
                            <item id="today"> </item>
                            <item id="last_days"> </item>
                        </variants>
                    </item>
                    <item id="last_days">
                        <type>input</type>
                        <default_value>3</default_value>
                    </item>
                </items>
            </section>
        </sections>
    </settings>
    <queries>
        <item for="demo" type="file">database/demo.sql</item>
        <item>DROP TABLE IF EXISTS ?:product_sales</item>
        <item>
            CREATE TABLE IF NOT EXISTS `?:product_sales` (
                `category_id` mediumint(8) unsigned NOT NULL default '0',
                `product_id` mediumint(8) unsigned NOT NULL default '0',
                `amount` mediumint(8) unsigned NOT NULL default '0',
                PRIMARY KEY  (`category_id`,`product_id`),
                KEY `pa` (`product_id`,`amount`)
            ) Engine=MyISAM DEFAULT CHARSET UTF8;
        </item>
        <item for="uninstall">DROP TABLE IF EXISTS ?:product_sales</item>
    </queries>
</addon>
