<?xml version="1.0"?>
<addon scheme="3.0">
    <id>blog</id>
    <version>1.0</version>
    <priority>2400</priority>
    <position>0</position>
    <status>active</status>
    <default_language>en</default_language>
    <auto_install>MULTIVENDOR,ULTIMATE</auto_install>

    <functions>
        <item for="uninstall">fn_blog_remove_pages</item>
    </functions>

    <queries>
        <item>DROP TABLE IF EXISTS ?:blog_authors;</item>
        <item>
            CREATE TABLE `?:blog_authors` (
              `page_id` mediumint(8) unsigned NOT NULL DEFAULT '0',
              `user_id` mediumint(8) unsigned NOT NULL DEFAULT '0',
              PRIMARY KEY (`page_id`,`user_id`)
            ) ENGINE=MyISAM DEFAULT CHARSET=utf8;
        </item>
        <item for="uninstall">
            DROP TABLE IF EXISTS ?:blog_authors;
        </item>
        <item for="demo" type="file">database/demo.sql</item>
        <item for="demo" type="file" editions="ULTIMATE">database/demo_ult.sql</item>
        <item for="demo" type="file" table="page_descriptions" lang="en">database/demo_en.sql</item>
        <item for="demo" type="file" table="page_descriptions" lang="ru">database/demo_ru.sql</item>
    </queries>
</addon>
