<?xml version="1.0"?>
<addon scheme="3.0">
    <id>anti_fraud</id>
    <version>1.0</version>
    <priority>2100</priority>
    <position>130</position>
    <default_language>en</default_language>
    <settings>
        <sections>
            <section id="general">
                <items>
                    <item id="anti_fraud_key">
                        <type>input</type>
                        <default_value/>
                    </item>
                    <item id="anti_fraud_safe_distance">
                        <type>input</type>
                        <default_value>90</default_value>
                    </item>
                    <item id="anti_fraud_max_order_total">
                        <type>input</type>
                        <default_value>500</default_value>
                    </item>
                    <item id="anti_fraud_risk_factor">
                        <type>input</type>
                        <default_value>25</default_value>
                    </item>
                    <item id="antifraud_order_status">
                        <type>hidden</type>
                    </item>
                </items>
            </section>
        </sections>
    </settings>
    <functions>
        <item for="install">fn_anti_fraud_add_status</item>
        <item for="uninstall">fn_anti_fraud_remove_status</item>
    </functions>
</addon>
