<?xml version="1.0"?>
<addon scheme="3.0">
    <id>google_analytics</id>
    <version>1.0</version>
    <priority>2000</priority>
    <position>230</position>
    <default_language>en</default_language>
    <auto_install>MULTIVENDOR,ULTIMATE</auto_install>
    <settings edition_type="ROOT,ULT:VENDOR">
        <sections>
            <section id="general">
                <items>
                    <item id="tracking_code">
                        <type>input</type>
                    </item>
                    <item id="track_ecommerce">
                        <type>checkbox</type>
                        <default_value>Y</default_value>
                    </item>
                </items>
            </section>
        </sections>
    </settings>
</addon>
