<?xml version="1.0"?>
<addon scheme="2.0" edition_type="ROOT,ULT:VENDOR">
	<id>avatax_tax_calculation</id>
	<version>1.0</version>
    <default_language>en</default_language>
	<name>AvaTax Tax Calculation</name>
	<description>AvaTax Tax Calculation</description>
	<priority>100502</priority>
	<status>active</status>
    <settings edition_type="ROOT,ULT:VENDOR">
        <sections>
            <section id="section1">
                <items>
                    <item id="avatax_account_number">
                        <type>input</type>
                        <name>Account ID*</name>
                        <default_value/>
                    </item>
                    <item id="avatax_license_key">
                        <type>input</type>
                        <name>License Key*</name>
                        <default_value/>
                    </item>	
                    <item id="avatax_service_url">
                        <name>Service URL</name>
                        <type>selectbox</type>
                        <default_value>https://development.avalara.net/</default_value>
                        <variants>
                            <item id="https://development.avalara.net/">
                                <name>Development URL - https://development.avalara.net/</name>
                            </item>
                            <item id="https://avatax.avalara.net">
                                <name>Production URL - https://avatax.avalara.net </name>
                            </item>
                        </variants>
                    </item>
                    <item id="avatax_test_connection">
                            <name>AvaTax Service</name>
                            <type>info</type>
                            <handler>fn_avatax_tax_calculation_testconnection</handler>
                    </item>
                     <item id="select_codes">
                         <name>Company Name*</name>
                        <type>selectbox</type>
                        <default_value/>
                    </item>
                    <item id="avatax_company_code">
                        <name>Company Code*</name>
                        <type>input</type>
                        <default_value/>
                    </item>
                    <item id="avatax_tax_calculation">
                        <name>Enable AvaTax tax calculation</name>
                        <type>radiogroup</type>
                        <default_value>1</default_value>
                        <variants>
                            <item id="1">
                                <name>Yes</name>
                            </item>
                            <item id="0">
                                <name>No</name>
                            </item>
                            </variants>
					</item>
                    <item id="avatax_tax_upc">
                        <name>Send UPC code to AvaTax</name>
                        <type>radiogroup</type>
                        <tooltip>If UPC is not available then Model Number will be sent to AvaTax by default</tooltip>
                        <default_value>0</default_value>
                        <variants>
                            <item id="1">
                                <name>Yes</name>
                            </item>
                            <item id="0">
                                <name>No</name>
                            </item>
                        </variants>
                    </item>
                    <item id="avatax_tax_savedoc">
                        <name>Save Transaction to AvaTax</name>
                        <type>radiogroup</type>
                        <default_value>0</default_value>
                        <variants>
                            <item id="1">
                                <name>Yes</name>
                            </item>
                            <item id="0">
                                <name>No</name>
                            </item>
                        </variants>
                    </item>
                   <item id="avatax_tax_address_validation">
                        <name>Enable AvaTax address validation</name>
                        <type>radiogroup</type>
                        <default_value>0</default_value>
                        <variants>
                            <item id="1">
                                <name>Yes</name>
                            </item>
                            <item id="0">
                                <name>No</name>
                            </item>
						</variants>
					</item>
                                        <!--<item id="avatax_metric_logs">
                        <name>avatax_metric_logs</name>
                        <type>hidden</type>
                        <default_value>0</default_value>
                    </item>
                   <item id="avatax_tax_address_validation_place">
                        <name>Only Validate addresses in</name>
                        <type>selectbox</type>
                        <default_value>both</default_value>
                        <variants>
                            <item id="US">
                                <name>USA</name>
                            </item>
                            <item id="CA">
                                <name>Canada</name>
                            </item>
                            <item id="both">
                                <name>Both</name>
                            </item>							
                        </variants>
                    </item>-->
                    <item id="avatax_log_mode">
                        <name>Enable Log</name>
                        <type>radiogroup</type>
                        <default_value>0</default_value>
                        <variants>
                            <item id="1">
                                <name>Yes</name>
                            </item>
                            <item id="0">
                                <name>No</name>
                            </item>
                        </variants>
                    </item>
					
					<item id="avatax_admin_console_link">
						<name>AvaTax Admin Console link</name>
						<type>info</type>
						<handler>fn_avatax_tax_calculation_admin_console_link</handler>
					</item>
                </items>
            </section>
        </sections>
    </settings>
	<queries>		
		<item for="install">ALTER TABLE `?:orders` ADD `avatax_paytax_document_id` INT NOT NULL DEFAULT '0', ADD `avatax_paytax_transaction_id` INT NOT NULL DEFAULT '0', ADD `avatax_paytax_document_code` VARCHAR( 40 ) NOT NULL, ADD `avatax_paytax_error_message` TEXT NOT NULL;</item>
		<item for="install">ALTER TABLE `?:status_descriptions` ADD `avatax_document_status` VARCHAR( 30 ) NOT NULL;</item>
		<item for="install">UPDATE `?:status_descriptions` SET avatax_document_status = 'Committed' where status ='C' and type = 'O';</item>
		<item for="install">UPDATE `?:status_descriptions` SET avatax_document_status = 'Committed' where status ='P' and type = 'O';</item>
		<item for="install">UPDATE `?:status_descriptions` SET avatax_document_status = 'Uncommitted' where status ='O' and type = 'O';</item>
		<item for="install">UPDATE `?:status_descriptions` SET avatax_document_status = 'Voided' where status ='F' and type = 'O';</item>
		<item for="install">UPDATE `?:status_descriptions` SET avatax_document_status = 'Voided' where status ='D' and type = 'O';</item>
		<item for="install">UPDATE `?:status_descriptions` SET avatax_document_status = 'Uncommitted' where status ='B' and type = 'O';</item>
		<item for="install">UPDATE `?:status_descriptions` SET avatax_document_status = 'Voided' where status ='I' and type = 'O';</item>
        <item for="install">UPDATE `?:status_descriptions` SET avatax_document_status = 'Uncommitted' where status ='R' and type = 'R';</item>
        <item for="install">UPDATE `?:status_descriptions` SET avatax_document_status = 'Committed' where status ='A' and type = 'R';</item>
        <item for="install">UPDATE `?:status_descriptions` SET avatax_document_status = 'Voided' where status ='D' and type = 'R';</item>
        <item for="install">UPDATE `?:status_descriptions` SET avatax_document_status = 'Committed' where status ='C' and type = 'R';</item>
		<item for="install">ALTER TABLE ?:rma_returns ADD `avatax_return_document_code` VARCHAR( 10 ) NOT NULL;</item>
		<item for="install">ALTER TABLE ?:users ADD `tax_exempt_number` VARCHAR( 30 ) NOT NULL;</item>		
		<item for="install">ALTER TABLE ?:users ADD `tax_entity_usecode` CHAR( 1 ) NOT NULL;</item>		
		<item for="install">DROP TABLE IF EXISTS ?:avatax_entity_usecode;</item>
		<item for="install">
			CREATE TABLE `?:avatax_entity_usecode` (  
				`usecode` CHAR(1) NOT NULL,  
				`description` VARCHAR( 250 ) NOT NULL 
			) Engine=MyISAM DEFAULT CHARSET UTF8;
		</item>
		<item for="install">
		    INSERT INTO `?:avatax_entity_usecode` (`usecode`, `description`) VALUES ("-", "Select Entity Use Code"),("A", "Federal government (United States)"), ("B", "State government (United States)"), ("C", "Tribe / Status Indian / Indian Band (both)"), ("D", "Foreign diplomat (both)"), ("E", "Charitable or benevolent org (both)"), ("F", "Religious or educational org (both)"), ("G", "Resale (both)"), ("H", "Commercial agricultural production (both)"), ("I", "Industrial production / manufacturer (both)"), ("J", "Direct pay permit (United States)"), ("K", "Direct mail (United States)"), ("L", "Other (both)"), ("N", "Local government (United States)"), ("P", "Commercial aquaculture (Canada)"), ("Q", "Commercial Fishery (Canada)"), ("R", "Non-resident (Canada)");
		</item>
		<item for="install">ALTER TABLE ?:products ADD `tax_code` VARCHAR( 11 ) DEFAULT 'none';</item>
		<item for="install">UPDATE ?:products SET `tax_code`= 'none' WHERE `tax_code` = 'none';</item>
        <!-- Added on Jan 13 - UPC Code Implementation) -->
        <item for="install">ALTER TABLE ?:products ADD `upc_code` VARCHAR( 20 ) DEFAULT 'none';</item>
        <item for="install">UPDATE ?:products SET `upc_code`= 'none' WHERE `upc_code` = 'none';</item>

		<item for="install">ALTER TABLE ?:shippings ADD `tax_code` VARCHAR( 11 ) DEFAULT 'none';</item>
		<item for="install">UPDATE ?:shippings SET `tax_code`= 'none' WHERE `tax_code` = 'none';</item>

        <item for="install">ALTER TABLE ?:users ADD `tax_exempt_number` VARCHAR( 25 ) NOT NULL DEFAULT 'Tax Exempt';</item>
        <item for="install">UPDATE ?:users SET `tax_exempt_number`= 'none' WHERE `tax_exempt_number` = 'Tax Exempt';</item>
		<!-- ALTER TABLE ?:shippings DROP `tax_code`; -->
		<item for="uninstall">DROP TABLE IF EXISTS ?:avatax_entity_usecode;</item>
	</queries>
</addon>
